ID,Type,SKU,Name,Published,"Is featured?","Visibility in catalog","Short description",Description,"Date sale price starts","Date sale price ends","Tax status","Tax class","In stock?",Stock,"Backorders allowed?","Sold individually?","Weight (kg)","Length (cm)","Width (cm)","Height (cm)","Allow customer reviews?","Purchase note","Sale price","Regular price",Categories,Tags,"Shipping class",Images,"Download limit","Download expiry days",Parent,"Grouped products",Upsells,Cross-sells,"External URL","Button text",Position,"Meta: site-sidebar-layout","Meta: site-content-layout","Meta: stick-header-meta","Meta: theme-transparent-header-meta","Attribute 1 name","Attribute 1 value(s)","Attribute 1 visible","Attribute 1 global","Attribute 2 name","Attribute 2 value(s)","Attribute 2 visible","Attribute 2 global","Download 1 name","Download 1 URL"
53,simple,,"Belted Long Black Pants",1,0,visible,"<div class=""woocommerce-product-details__short-description"">
<ul class=""a-unordered-list a-vertical a-spacing-none"">
 	<li><span class=""a-list-item"">Material: Black/Brown:100% Rayon. Others:Polyester. Ruffle Waist Belted Peg Pants.</span></li>
 	<li><span class=""a-list-item"">Features: High Waist, Elastic Waist with Drawstring Belt, Two Side Pockets, Straight Leg, Tapered/Carrot, Turn Up</span></li>
 	<li><span class=""a-list-item"">Style: Casual, Work and Elegant. Comfy Fabric, Suit for Spring, Summer and Fall</span></li>
</ul>
</div>",,,,taxable,,1,,0,0,,,,,0,,,100,"Women, Women > Women's Pants",,,"http://www.abhnetworking.com/wp-content/uploads/2018/06/high-waist-trousers-1.jpg, http://www.abhnetworking.com/wp-content/uploads/2018/06/high-waist-trousers-2.jpg, http://www.abhnetworking.com/wp-content/uploads/2018/06/high-waist-trousers-4.jpg, http://www.abhnetworking.com/wp-content/uploads/2018/06/high-waist-trousers-3.jpg",,,,,,,,,0,default,default,default,default,,,,,,,,
97,variable,,"High-waist Trousers",1,0,visible,"<div class=""woocommerce-product-details__short-description"">

Hurley Dry-Fit Chino Short. Men's chino short. Outseam Length: 19 Dri-FIT Technology helps keep you dry and comfortable. Made with sweat-wicking fabric. Fitted waist with belt loops. Button waist with zip fly provides a classic look and feel . Back welt pockets and coin pocket for storage. Dual side seam pockets. Heat transferred logos. 70% nylon 24% polyester 6% spandex. Imported.

</div>","<div id=""tab-description"" class=""woocommerce-Tabs-panel woocommerce-Tabs-panel--description panel entry-content wc-tab"">Hurley Dry-Fit Chino Short. Men’s chino short. Outseam Length: 19 Dri-FIT Technology helps keep you dry and comfortable. Made with sweat-wicking fabric. Fitted waist with belt loops. Button waist with zip fly provides a classic look and feel . Back welt pockets and coin pocket for storage. Dual side seam pockets. Heat transferred logos. 70% nylon 24% polyester 6% spandex. Imported.</div>",,,taxable,,1,,0,0,,,,,0,,,,"Featured Products, Men, Men > Men's Shorts",,,"http://www.abhnetworking.com/wp-content/uploads/2018/06/soccer-4.jpg, http://www.abhnetworking.com/wp-content/uploads/2018/06/soccer-3.png, http://www.abhnetworking.com/wp-content/uploads/2018/06/soccer-2.png, http://www.abhnetworking.com/wp-content/uploads/2018/06/soccer-5.png, http://www.abhnetworking.com/wp-content/uploads/2018/06/soccer-1.png",,,,,,,,,0,default,default,default,default,Size,"XS, S, M, L",0,0,Color,"Black, Blue, Brown, White",0,0
99,variation,,"High-waist Trousers - XS, Black",1,0,visible,,,,,taxable,parent,1,,0,0,,,,,0,,,50,,,,http://www.abhnetworking.com/wp-content/uploads/2018/06/soccer-1.png,,,id:97,,,,,,1,,,,,Size,XS,,0,Color,Black,,0
100,variation,,"High-waist Trousers - XS, Blue",1,0,visible,,,,,taxable,parent,1,,0,0,,,,,0,,,,,,,http://www.abhnetworking.com/wp-content/uploads/2018/06/soccer-4.jpg,,,id:97,,,,,,2,,,,,Size,XS,,0,Color,Blue,,0
101,variation,,"High-waist Trousers - XS, Brown",1,0,visible,,,,,taxable,parent,1,,0,0,,,,,0,,,,,,,http://www.abhnetworking.com/wp-content/uploads/2018/06/soccer-5.png,,,id:97,,,,,,3,,,,,Size,XS,,0,Color,Brown,,0
102,variation,,"High-waist Trousers - XS, White",1,0,visible,,,,,taxable,parent,1,,0,0,,,,,0,,,,,,,,,,id:97,,,,,,4,,,,,Size,XS,,0,Color,White,,0
103,variation,,"High-waist Trousers - S, Black",1,0,visible,,,,,taxable,parent,1,,0,0,,,,,0,,,55,,,,http://www.abhnetworking.com/wp-content/uploads/2018/06/soccer-1.png,,,id:97,,,,,,5,,,,,Size,S,,0,Color,Black,,0
104,variation,,"High-waist Trousers - S, Blue",1,0,visible,,,,,taxable,parent,1,,0,0,,,,,0,,,55,,,,http://www.abhnetworking.com/wp-content/uploads/2018/06/soccer-4.jpg,,,id:97,,,,,,6,,,,,Size,S,,0,Color,Blue,,0
105,variation,,"High-waist Trousers - S, Brown",1,0,visible,,,,,taxable,parent,1,,0,0,,,,,0,,,,,,,,,,id:97,,,,,,7,,,,,Size,S,,0,Color,Brown,,0
106,variation,,"High-waist Trousers - S, White",1,0,visible,,,,,taxable,parent,1,,0,0,,,,,0,,,,,,,,,,id:97,,,,,,8,,,,,Size,S,,0,Color,White,,0
107,variation,,"High-waist Trousers - M, Black",1,0,visible,,,,,taxable,parent,1,,0,0,,,,,0,,,,,,,,,,id:97,,,,,,9,,,,,Size,M,,0,Color,Black,,0
108,variation,,"High-waist Trousers - M, Blue",1,0,visible,,,,,taxable,parent,1,,0,0,,,,,0,,,,,,,,,,id:97,,,,,,10,,,,,Size,M,,0,Color,Blue,,0
109,variation,,"High-waist Trousers - M, Brown",1,0,visible,,,,,taxable,parent,1,,0,0,,,,,0,,,,,,,,,,id:97,,,,,,11,,,,,Size,M,,0,Color,Brown,,0
110,variation,,"High-waist Trousers - M, White",1,0,visible,,,,,taxable,parent,1,,0,0,,,,,0,,,,,,,,,,id:97,,,,,,12,,,,,Size,M,,0,Color,White,,0
111,variation,,"High-waist Trousers - L, Black",1,0,visible,,,,,taxable,parent,1,,0,0,,,,,0,,,,,,,,,,id:97,,,,,,13,,,,,Size,L,,0,Color,Black,,0
112,variation,,"High-waist Trousers - L, Blue",1,0,visible,,,,,taxable,parent,1,,0,0,,,,,0,,,,,,,,,,id:97,,,,,,14,,,,,Size,L,,0,Color,Blue,,0
113,variation,,"High-waist Trousers - L, Brown",1,0,visible,,,,,taxable,parent,1,,0,0,,,,,0,,,,,,,,,,id:97,,,,,,15,,,,,Size,L,,0,Color,Brown,,0
114,variation,,"High-waist Trousers - L, White",1,0,visible,,,,,taxable,parent,1,,0,0,,,,,0,,,,,,,,,,id:97,,,,,,16,,,,,Size,L,,0,Color,White,,0
120,simple,,"Printed Cotton Shirt",1,0,visible,"<div class=""woocommerce-product-details__short-description"">

Pellentesque habitant morbi tristique senectus et netus et malesuada fames ac turpis egestas. Vestibulum tortor quam, feugiat vitae, ultricies eget, tempor sit amet, ante. Donec eu libero sit amet quam egestas semper. Aenean ultricies mi vitae est. Mauris placerat eleifend leo.

</div>","There are many variations of passages available, but the majority have suffered alteration in some form, by injected humour.

Score a wardrobe win no matter the dress code with our Flinto Collection own-label collection. From polished prom to the after party, our London-based design team scour the globe to nail your new-season fashion goals with need-right-now dresses, outerwear, shoes and denim in the coolest.",,,taxable,,1,,0,0,,,,,0,,,79.00,"Women, Featured Products, Women > Women's Shirt",,,"http://www.abhnetworking.com/wp-content/uploads/2018/06/Printed-Cotton-Shirt-1.jpg, http://www.abhnetworking.com/wp-content/uploads/2018/06/Printed-Cotton-Shirt-2.jpg, http://www.abhnetworking.com/wp-content/uploads/2018/06/Printed-Cotton-Shirt-3.jpg",,,,,,,,,0,default,default,default,default,,,,,,,,
124,simple,,"A floral print and short sleeves",1,0,visible,"Flowers top — Round neck T-shirt featuring a floral print and short sleeves.","<h3 class=""vc_custom_heading"">C T-shirt featuring a floral print and short sleeves.</h3>
<div class=""vc_empty_space""></div>
<div class=""wpb_text_column wpb_content_element "">
<div class=""wpb_wrapper"">

Score a wardrobe win no matter the dress code with our Flinto Collection own-label collection. From polished prom to the after party, our London-based design team scour the globe to nail your new-season fashion goals with need-right-now dresses, outerwear, shoes and denim in the coolest.

</div>
</div>",,,taxable,,1,,0,0,,,,,0,,,35.99,"Featured Products, Men, Men > Men's T-shirts",,,"http://www.abhnetworking.com/wp-content/uploads/2018/06/C-T-shirt-featuring-a-floral-print-and-short-sleeves-1.jpg, http://www.abhnetworking.com/wp-content/uploads/2018/06/C-T-shirt-featuring-a-floral-print-and-short-sleeves-4.jpg, http://www.abhnetworking.com/wp-content/uploads/2018/06/C-T-shirt-featuring-a-floral-print-and-short-sleeves-3.jpg, http://www.abhnetworking.com/wp-content/uploads/2018/06/C-T-shirt-featuring-a-floral-print-and-short-sleeves-2.jpg",,,,,,,,,0,default,default,default,default,,,,,,,,
129,simple,,"Hooded Sport Sweetshirt",1,0,visible,"<div class=""woocommerce-product-details__short-description"">

Score a wardrobe win no matter the dress code with our Flinto Collection own-label collection. From polished prom to the after party, our London-based design team scour the globe to nail your new-season fashion goals with need-right-now dresses, outerwear, shoes and denim in the coolest.

</div>","There are many variations of passages available, but the majority have suffered alteration in some form, by injected humour.

Score a wardrobe win no matter the dress code with our Flinto Collection own-label collection. From polished prom to the after party, our London-based design team scour the globe to nail your new-season fashion goals with need-right-now dresses, outerwear, shoes and denim in the coolest.",,,taxable,,1,,0,0,,,,,0,,,52.00,"Women, Featured Products, Women > Women's Shirt",,,"http://www.abhnetworking.com/wp-content/uploads/2018/06/Hooded-Sport-Sweetshirt-1.jpg, http://www.abhnetworking.com/wp-content/uploads/2018/06/Hooded-Sport-Sweetshirt-2.jpg, http://www.abhnetworking.com/wp-content/uploads/2018/06/Hooded-Sport-Sweetshirt-3.jpg, http://www.abhnetworking.com/wp-content/uploads/2018/06/Hooded-Sport-Sweetshirt-4.jpg",,,,,,,,,0,default,default,default,default,,,,,,,,
141,simple,,"Market tote",1,0,visible,"<div class=""woocommerce-product-details__short-description"">

Our stunning black leather tote bag (compare to luxury designers easily $300 and up) is a beautifully unstructured minimal tote bag made of real, soft &amp; mendable leather with a unique pebbled finish. The perfect day to day city tote to balance your needs for fashion &amp; function that will last you a lifetime. Work, gym, groceries? No problem! Each bag comes with a free, handmade coin purse!

</div>","<div id=""tab-description"" class=""woocommerce-Tabs-panel woocommerce-Tabs-panel--description panel entry-content wc-tab"">Our stunning black leather tote bag (compare to luxury designers easily $300 and up) is a beautifully unstructured minimal tote bag made of real, soft &amp; mendable leather with a unique pebbled finish. The perfect day to day city tote to balance your needs for fashion &amp; function that will last you a lifetime. Work, gym, groceries? No problem! Each bag comes with a free, handmade coin purse!</div>",,,taxable,,1,,0,0,,,,,0,,,135,"Women, Accessories, Women > Women's Bags",,,"http://www.abhnetworking.com/wp-content/uploads/2018/06/Market-tote-1.jpg, http://www.abhnetworking.com/wp-content/uploads/2018/06/Market-tote-2.jpg, http://www.abhnetworking.com/wp-content/uploads/2018/06/Market-tote-3.jpg",,,,,,,,,0,default,default,default,default,,,,,,,,
151,simple,,"Light Brown Watch",1,0,visible,"Our legacy case-back features a small piece of the same marble that was used to build the Roman Empire, Michelangelo’s David, and other testaments to some of history’s most powerful leaders. This marble serves as a daily reminder to use your time to Build Your Own Legacy and never stop moving forward.","<div id=""tab-description"" class=""woocommerce-Tabs-panel woocommerce-Tabs-panel--description panel entry-content wc-tab"">Our legacy case-back features a small piece of the same marble that was used to build the Roman Empire, Michelangelo’s David, and other testaments to some of history’s most powerful leaders. This marble serves as a daily reminder to use your time to Build Your Own Legacy and never stop moving forward.</div>",,,taxable,,1,,0,0,,,,,0,,,550,"Accessories, Women > Women's Watchs",,,"http://www.abhnetworking.com/wp-content/uploads/2018/06/Light-Brown-Watch-1.jpg, http://www.abhnetworking.com/wp-content/uploads/2018/06/Light-Brown-Watch-2.jpg, http://www.abhnetworking.com/wp-content/uploads/2018/06/Light-Brown-Watch-3.jpg, http://www.abhnetworking.com/wp-content/uploads/2018/06/Light-Brown-Watch-4.jpg",,,,,,,,,0,default,default,default,default,,,,,,,,
161,simple,,"Stretchy Push-up Jeans",1,0,visible,"<div class=""woocommerce-product-details__short-description"">

Pellentesque habitant morbi tristique senectus et netus et malesuada fames ac turpis egestas. Vestibulum tortor quam, feugiat vitae, ultricies eget, tempor sit amet, ante. Donec eu libero sit amet quam egestas semper. Aenean ultricies mi vitae est. Mauris placerat eleifend leo.

</div>","<div class=""woocommerce-product-details__short-description"">

Pellentesque habitant morbi tristique senectus et netus et malesuada fames ac turpis egestas. Vestibulum tortor quam, feugiat vitae, ultricies eget, tempor sit amet, ante. Donec eu libero sit amet quam egestas semper. Aenean ultricies mi vitae est. Mauris placerat eleifend leo.

</div>",,,taxable,,1,,0,0,,,,,0,,,129,"Featured Products, Women > Women's Jeans",,,"http://www.abhnetworking.com/wp-content/uploads/2018/06/Stretchy-Push-up-Jeans-1.jpg, http://www.abhnetworking.com/wp-content/uploads/2018/06/Stretchy-Push-up-Jeans-2.jpg, http://www.abhnetworking.com/wp-content/uploads/2018/06/Stretchy-Push-up-Jeans-3.jpg, http://www.abhnetworking.com/wp-content/uploads/2018/06/Stretchy-Push-up-Jeans-4.jpg, http://www.abhnetworking.com/wp-content/uploads/2018/06/Hooded-Sport-Sweetshirt-2-1.jpg, http://www.abhnetworking.com/wp-content/uploads/2018/06/Stretchy-Push-up-Jeans-0.jpg",,,,,,,,,0,default,default,default,default,,,,,,,,
170,simple,,"Peccary Leather Jacket",1,0,visible,"<div class=""woocommerce-product-details__short-description"">

There are many variations of passages available, but the majority have suffered alteration in some form, by injected humour.

Score a wardrobe win no matter the dress code with our Flinto Collection own-label collection. From polished prom to the after party, our London-based design team scour the globe to nail your new-season fashion goals with need-right-now dresses, outerwear, shoes and denim in the coolest.

</div>","<div class=""woocommerce-product-details__short-description"">

Pellentesque habitant morbi tristique senectus et netus et malesuada fames ac turpis egestas. Vestibulum tortor quam, feugiat vitae, ultricies eget, tempor sit amet, ante. Donec eu libero sit amet quam egestas semper. Aenean ultricies mi vitae est. Mauris placerat eleifend leo.

</div>",,,taxable,,1,,0,0,,,,,0,,67,97.99,"Best Selling Products, Men > Men's Jacket",,,"http://www.abhnetworking.com/wp-content/uploads/2018/06/Peccary-Leather-Jacket-1.jpg, http://www.abhnetworking.com/wp-content/uploads/2018/06/Peccary-Leather-Jacket-2.jpg, http://www.abhnetworking.com/wp-content/uploads/2018/06/Peccary-Leather-Jacket-1-1.jpg, http://www.abhnetworking.com/wp-content/uploads/2018/06/Peccary-Leather-Jacket-3.jpg",,,,,,,,,0,default,default,default,default,,,,,,,,
176,simple,,"Cool T-Shirt",1,0,visible,"There are many variations of passages available, but the majority have suffered alteration in some form, by injected humour.

Score a wardrobe win no matter the dress code with our Flinto Collection own-label collection. From polished prom to the after party, our London-based design team scour the globe to nail your new-season fashion goals with need-right-now dresses, outerwear, shoes and denim in the coolest.","<div class=""woocommerce-product-details__short-description"">

Pellentesque habitant morbi tristique senectus et netus et malesuada fames ac turpis egestas. Vestibulum tortor quam, feugiat vitae, ultricies eget, tempor sit amet, ante. Donec eu libero sit amet quam egestas semper. Aenean ultricies mi vitae est. Mauris placerat eleifend leo.

</div>",,,taxable,,1,,0,0,,,,,0,,45,89.00,"Best Selling Products, Women > Women's T-Shirt",,,"http://www.abhnetworking.com/wp-content/uploads/2018/06/Cool-T-Shirt-1.jpg, http://www.abhnetworking.com/wp-content/uploads/2018/06/Cool-T-Shirt-2.jpg, http://www.abhnetworking.com/wp-content/uploads/2018/06/Cool-T-Shirt-3.jpg, http://www.abhnetworking.com/wp-content/uploads/2018/06/Cool-T-Shirt-1.jpg",,,,,,,,,0,default,default,default,default,,,,,,,,
180,simple,,"Cotton Printed T-Shirt",1,0,visible,"There are many variations of passages available, but the majority have suffered alteration in some form, by injected humour.

Score a wardrobe win no matter the dress code with our Flinto Collection own-label collection. From polished prom to the after party, our London-based design team scour the globe to nail your new-season fashion goals with need-right-now dresses, outerwear, shoes and denim in the coolest.","<div class=""woocommerce-product-details__short-description"">

Pellentesque habitant morbi tristique senectus et netus et malesuada fames ac turpis egestas. Vestibulum tortor quam, feugiat vitae, ultricies eget, tempor sit amet, ante. Donec eu libero sit amet quam egestas semper. Aenean ultricies mi vitae est. Mauris placerat eleifend leo.

</div>",,,taxable,,1,,0,0,,,,,0,,,64.00,"Best Selling Products, Men > Men's T-shirts",,,"http://www.abhnetworking.com/wp-content/uploads/2018/06/Cotton-Printed-T-Shirt-1.jpg, http://www.abhnetworking.com/wp-content/uploads/2018/06/Cotton-Printed-T-Shirt-2.jpg, http://www.abhnetworking.com/wp-content/uploads/2018/06/Cotton-Printed-T-Shirt-1-1.jpg",,,,,,,,,0,default,default,default,default,,,,,,,,
184,simple,,"Basic blazer with classic",1,0,visible,"<div class=""woocommerce-product-details__short-description"">

Basic blazer with classic, pointed lapels. Features button-up fastening, chest pocket, side pockets, buttoned cuffs, vent in the back and lining.

</div>","<div class=""woocommerce-product-details__short-description"">

Basic blazer with classic, pointed lapels. Features button-up fastening, chest pocket, side pockets, buttoned cuffs, vent in the back and lining.

</div>",,,taxable,,1,,0,0,,,,,0,,,99.99,"Best Selling Products, Men > Men's Blazer",,,"http://www.abhnetworking.com/wp-content/uploads/2018/06/Basic-blazer-with-classic-4.jpg, http://www.abhnetworking.com/wp-content/uploads/2018/06/Basic-blazer-with-classic-Brown.jpg, http://www.abhnetworking.com/wp-content/uploads/2018/06/Basic-blazer-with-classic-Dark-Blue.jpg, http://www.abhnetworking.com/wp-content/uploads/2018/06/Basic-blazer-with-classic-Dark-Grey.jpg, http://www.abhnetworking.com/wp-content/uploads/2018/06/Basic-blazer-with-classic-Green.jpg, http://www.abhnetworking.com/wp-content/uploads/2018/06/Basic-blazer-with-classic-Grey.jpg, http://www.abhnetworking.com/wp-content/uploads/2018/06/Basic-blazer-with-classic-Pink.jpg, http://www.abhnetworking.com/wp-content/uploads/2018/06/Basic-blazer-with-classic-1.jpg, http://www.abhnetworking.com/wp-content/uploads/2018/06/Basic-blazer-with-classic-2.jpg, http://www.abhnetworking.com/wp-content/uploads/2018/06/Basic-blazer-with-classic-3.jpg, http://www.abhnetworking.com/wp-content/uploads/2018/06/Basic-blazer-with-classic-4-1.jpg, http://www.abhnetworking.com/wp-content/uploads/2018/06/Basic-blazer-with-classic-5.jpg, http://www.abhnetworking.com/wp-content/uploads/2018/06/Basic-blazer-with-classic-6.jpg",,,,,,,,,0,default,default,default,default,,,,,,,,
206,simple,,"Coco Rose Body Polish",1,0,visible,"<ul class=""a-unordered-list a-vertical a-spacing-none"">
 	<li class=""showHiddenFeatureBullets""><span class=""a-list-item"">Coco Rose Body Polish Is A Highly Moisturizing   Gently Exfoliating Blend Of Virgin Coconut Oil &amp; Delicately Floral Moroccan Rose</span></li>
 	<li class=""showHiddenFeatureBullets""><span class=""a-list-item"">Leaves Your Skin Soft   Hydrated With A Light Scent Of Coconut &amp; Rose Petals</span></li>
</ul>",,,,taxable,,1,,0,0,,,,,0,,,87,Beauty,,,"http://www.abhnetworking.com/wp-content/uploads/2018/06/Coco-Rose-Body-Polish-1.jpg, http://www.abhnetworking.com/wp-content/uploads/2018/06/Coco-Rose-Body-Polish-2.jpg, http://www.abhnetworking.com/wp-content/uploads/2018/06/Coco-Rose-Body-Polish-3.jpg, http://www.abhnetworking.com/wp-content/uploads/2018/06/Coco-Rose-Body-Polish-1.jpg",,,,,,,,,0,default,default,default,default,,,,,,,,
212,simple,,"Age Delay Eye And Lip Treatment",1,0,visible,"Vitrine products are guaranteed to benefit from the highest quality products and the most trusted brands around the globe. Our main intention is to gain our customer’s trust and make them a secure and win-win shopping experience. We may not be the best but we are trying hard to be the best.","Vitrine products are guaranteed to benefit from the highest quality products and the most trusted brands around the globe. Our main intention is to gain our customer’s trust and make them a secure and win-win shopping experience. We may not be the best but we are trying hard to be the best.",,,taxable,,1,,0,0,,,,,0,,,73.00,Beauty,,,"http://www.abhnetworking.com/wp-content/uploads/2018/06/Age-Delay-Eye-And-Lip-Treatment-1.jpg, http://www.abhnetworking.com/wp-content/uploads/2018/06/Age-Delay-Eye-And-Lip-Treatment-3.jpg, http://www.abhnetworking.com/wp-content/uploads/2018/06/Age-Delay-Eye-And-Lip-Treatment-2.jpg",,,,,,,,,0,default,default,default,default,,,,,,,,
283,simple,,"Black Dress Shirt",1,0,visible,"<div class=""woocommerce-product-details__short-description"">
<ul class=""a-unordered-list a-vertical a-spacing-none"">
 	<li><span class=""a-list-item"">97% Cotton / 3% Spandex</span></li>
 	<li><span class=""a-list-item"">Hand wash cold, Do not bleach, Hang dry</span></li>
 	<li><span class=""a-list-item"">Classic 3/4 sleeve button down shirts</span></li>
 	<li><span class=""a-list-item"">Classic tailored fit / Front &amp; back detail stitching</span></li>
 	<li><span class=""a-list-item"">Great work shirt and for any formal event</span></li>
 	<li><span class=""a-list-item"">Imported/ Designed in USA</span></li>
</ul>
</div>","<ul class=""a-unordered-list a-vertical a-spacing-none"">
 	<li><span class=""a-list-item"">97% Cotton / 3% Spandex</span></li>
 	<li><span class=""a-list-item"">Hand wash cold, Do not bleach, Hang dry</span></li>
 	<li><span class=""a-list-item"">Classic 3/4 sleeve button down shirts</span></li>
 	<li><span class=""a-list-item"">Classic tailored fit / Front &amp; back detail stitching</span></li>
 	<li><span class=""a-list-item"">Great work shirt and for any formal event</span></li>
 	<li><span class=""a-list-item"">Imported/ Designed in USA</span></li>
</ul>",,,taxable,,1,,0,0,,,,,0,,,80.00,"Women, Women > Women's Shirt",,,"http://www.abhnetworking.com/wp-content/uploads/2018/06/Black-Dress-Shirt-3.jpg, http://www.abhnetworking.com/wp-content/uploads/2018/06/Black-Dress-Shirt-1.jpg, http://www.abhnetworking.com/wp-content/uploads/2018/06/Black-Dress-Shirt-2.jpg, http://www.abhnetworking.com/wp-content/uploads/2018/06/Black-Dress-Shirt-4.jpg, http://www.abhnetworking.com/wp-content/uploads/2018/06/Black-Dress-Shirt-3.jpg",,,,,,,,,0,default,default,default,default,,,,,,,,
292,simple,,"Bardot Neckline Top",1,0,visible,,"<div class=""woocommerce-product-details__short-description"">

Pellentesque habitant morbi tristique senectus et netus et malesuada fames ac turpis egestas. Vestibulum tortor quam, feugiat vitae, ultricies eget, tempor sit amet, ante. Donec eu libero sit amet quam egestas semper. Aenean ultricies mi vitae est. Mauris placerat eleifend leo.

</div>",,,taxable,,1,,0,0,,,,,0,,,129,"Women, Women > Women's Dress",,,"http://www.abhnetworking.com/wp-content/uploads/2018/06/Bardot-Neckline-Top-2.jpg, http://www.abhnetworking.com/wp-content/uploads/2018/06/Bardot-Neckline-Top-1.jpg, http://www.abhnetworking.com/wp-content/uploads/2018/06/Bardot-Neckline-Top-3.jpg, http://www.abhnetworking.com/wp-content/uploads/2018/06/Bardot-Neckline-Top-2-1.jpg",,,,,,,,,0,default,default,default,default,,,,,,,,
297,simple,,"Casual Female A-Line Sashes Long",1,0,visible,"Lorem ipsum dolor sit amet, feugiat delicata liberavisse id cum, no quo maiorum intellegebat, liber regione eu sit. Mea cu case ludus integre, vide viderer eleifend ex mea. His at soluta regione diceret, cum et atqui placerat petentium.","<div class=""woocommerce-product-details__short-description"">

Lorem ipsum dolor sit amet, feugiat delicata liberavisse id cum, no quo maiorum intellegebat, liber regione eu sit. Mea cu case ludus integre, vide viderer eleifend ex mea. His at soluta regione diceret, cum et atqui placerat petentium.

</div>",,,taxable,,1,,0,0,,,,,0,,,70,"Women, Women > Women's Dress",,,"http://www.abhnetworking.com/wp-content/uploads/2018/06/Casual-Female-A-Line-Sashes-Long-1.jpg, http://www.abhnetworking.com/wp-content/uploads/2018/06/Casual-Female-A-Line-Sashes-Long-2.jpg, http://www.abhnetworking.com/wp-content/uploads/2018/06/Casual-Female-A-Line-Sashes-Long-4.jpg, http://www.abhnetworking.com/wp-content/uploads/2018/06/Casual-Female-A-Line-Sashes-Long-3.jpg, http://www.abhnetworking.com/wp-content/uploads/2018/06/Casual-Female-A-Line-Sashes-Long-1.jpg",,,,,,,,,0,default,default,default,default,,,,,,,,
302,simple,,"Women Black Long Dress Spring",1,0,visible,"<div class=""woocommerce-product-details__short-description"">

Lorem ipsum dolor sit amet, feugiat delicata liberavisse id cum, no quo maiorum intellegebat, liber regione eu sit. Mea cu case ludus integre, vide viderer eleifend ex mea. His at soluta regione diceret, cum et atqui placerat petentium.

</div>",,,,taxable,,1,,0,0,,,,,0,,120,150,"Women, Women > Women's Dress",,,"http://www.abhnetworking.com/wp-content/uploads/2018/06/Women-Black-Long-Dress-Spring-1.jpg, http://www.abhnetworking.com/wp-content/uploads/2018/06/Women-Black-Long-Dress-Spring-5.jpg, http://www.abhnetworking.com/wp-content/uploads/2018/06/Women-Black-Long-Dress-Spring-4.jpg, http://www.abhnetworking.com/wp-content/uploads/2018/06/Women-Black-Long-Dress-Spring-3.jpg, http://www.abhnetworking.com/wp-content/uploads/2018/06/Women-Black-Long-Dress-Spring-2.jpg",,,,,,,,,0,default,default,default,default,,,,,,,,
308,simple,,"Floral Printed Blue Sashes",1,0,visible,"<div id=""tab-description"" class=""woocommerce-Tabs-panel woocommerce-Tabs-panel--description panel entry-content wc-tab"" role=""tabpanel"" aria-labelledby=""tab-title-description"">
<div class=""woocommerce-product-details__short-description"">

Lorem ipsum dolor sit amet, feugiat delicata liberavisse id cum, no quo maiorum intellegebat, liber regione eu sit. Mea cu case ludus integre, vide viderer eleifend ex mea. His at soluta regione diceret, cum et atqui placerat petentium.

</div>
</div>","<div id=""tab-description"" class=""woocommerce-Tabs-panel woocommerce-Tabs-panel--description panel entry-content wc-tab"" role=""tabpanel"" aria-labelledby=""tab-title-description"">
<div class=""woocommerce-product-details__short-description"">

Lorem ipsum dolor sit amet, feugiat delicata liberavisse id cum, no quo maiorum intellegebat, liber regione eu sit. Mea cu case ludus integre, vide viderer eleifend ex mea. His at soluta regione diceret, cum et atqui placerat petentium.

</div>
</div>",,,taxable,,1,,0,0,,,,,0,,,420,"Women, Women > Women's Dress",,,"http://www.abhnetworking.com/wp-content/uploads/2018/06/Floral-Printed-Blue-Sashes-1.jpg, http://www.abhnetworking.com/wp-content/uploads/2018/06/Floral-Printed-Blue-Sashes-3.jpg, http://www.abhnetworking.com/wp-content/uploads/2018/06/Floral-Printed-Blue-Sashes-2.jpg, http://www.abhnetworking.com/wp-content/uploads/2018/06/Floral-Printed-Blue-Sashes-4.jpg, http://www.abhnetworking.com/wp-content/uploads/2018/06/Floral-Printed-Blue-Sashes-1.jpg",,,,,,,,,0,default,default,default,default,,,,,,,,
323,simple,,"Light Brown Check",1,0,visible,"<div class=""woocommerce-product-details__short-description"">
<div id=""tab-description"" class=""woocommerce-Tabs-panel woocommerce-Tabs-panel--description panel entry-content wc-tab"" role=""tabpanel"" aria-labelledby=""tab-title-description"">
<div id=""tab-description"" class=""woocommerce-Tabs-panel woocommerce-Tabs-panel--description panel entry-content wc-tab"" role=""tabpanel"" aria-labelledby=""tab-title-description"">
<div class=""woocommerce-product-details__short-description"">

Lorem ipsum dolor sit amet, feugiat delicata liberavisse id cum, no quo maiorum intellegebat, liber regione eu sit. Mea cu case ludus integre, v

</div>
</div>
</div>
</div>","Lorem ipsum dolor sit amet, feugiat delicata liberavisse id cum, no quo maiorum intellegebat, liber regione eu sit. Mea cu case ludus integre, vide viderer eleifend ex mea. His at soluta regione diceret, cum et atqui placerat petentium.",,,taxable,,1,,0,0,,,,,0,,,299,"Men, Men > Men's Suite",,,"http://www.abhnetworking.com/wp-content/uploads/2018/06/Lazio-Light-Brown-Check-1.jpg, http://www.abhnetworking.com/wp-content/uploads/2018/06/Lazio-Light-Brown-Check-2.jpg, http://www.abhnetworking.com/wp-content/uploads/2018/06/Lazio-Light-Brown-Check-1.jpg",,,,,,,,,0,default,default,default,default,,,,,,,,
327,simple,,"Soho Navy Plain",1,0,visible,"<div id=""tab-description"" class=""woocommerce-Tabs-panel woocommerce-Tabs-panel--description panel entry-content wc-tab"" role=""tabpanel"" aria-labelledby=""tab-title-description"">
<div class=""woocommerce-product-details__short-description"">
<div id=""tab-description"" class=""woocommerce-Tabs-panel woocommerce-Tabs-panel--description panel entry-content wc-tab"" role=""tabpanel"" aria-labelledby=""tab-title-description"">
<div id=""tab-description"" class=""woocommerce-Tabs-panel woocommerce-Tabs-panel--description panel entry-content wc-tab"" role=""tabpanel"" aria-labelledby=""tab-title-description"">
<div class=""woocommerce-product-details__short-description"">

Lorem ipsum dolor sit amet, feugiat delicata liberavisse id cum, no quo maiorum intellegebat, liber regione eu sit. Mea cu case ludus integre, vide viderer eleifend ex mea. His at soluta regione diceret, cum et atqui placerat petentium.

</div>
</div>
</div>
</div>
</div>","<div id=""tab-description"" class=""woocommerce-Tabs-panel woocommerce-Tabs-panel--description panel entry-content wc-tab"" role=""tabpanel"" aria-labelledby=""tab-title-description"">
<div class=""woocommerce-product-details__short-description"">
<div id=""tab-description"" class=""woocommerce-Tabs-panel woocommerce-Tabs-panel--description panel entry-content wc-tab"" role=""tabpanel"" aria-labelledby=""tab-title-description"">
<div id=""tab-description"" class=""woocommerce-Tabs-panel woocommerce-Tabs-panel--description panel entry-content wc-tab"" role=""tabpanel"" aria-labelledby=""tab-title-description"">
<div class=""woocommerce-product-details__short-description"">

Lorem ipsum dolor sit amet, feugiat delicata liberavisse id cum, no quo maiorum intellegebat, liber regione eu sit. Mea cu case ludus integre, vide viderer eleifend ex mea. His at soluta regione diceret, cum et atqui placerat petentium.

</div>
</div>
</div>
</div>
</div>",,,taxable,,1,,0,0,,,,,0,,,609,"Men, Men > Men's Suite",,,"http://www.abhnetworking.com/wp-content/uploads/2018/06/Soho-Navy-Plain-1.jpg, http://www.abhnetworking.com/wp-content/uploads/2018/06/Soho-Navy-Plain-2.jpg",,,,,,,,,0,default,default,default,default,,,,,,,,
331,simple,,"Lazio Grey check",1,0,visible,,"Lorem ipsum dolor sit amet, feugiat delicata liberavisse id cum, no quo maiorum intellegebat, liber regione eu sit. Mea cu case ludus integre, vide viderer eleifend ex mea. His at soluta regione diceret, cum et atqui placerat petentium.",,,taxable,,1,,0,0,,,,,0,,,179,"Men, Men > Men's Suite",,,"http://www.abhnetworking.com/wp-content/uploads/2018/06/Lazio-Grey-check-1.jpg, http://www.abhnetworking.com/wp-content/uploads/2018/06/Soho-Navy-Plain-1.jpg",,,,,,,,,0,default,default,default,default,,,,,,,,
335,simple,,"Light Grey Check",1,0,visible,"<div id=""tab-description"" class=""woocommerce-Tabs-panel woocommerce-Tabs-panel--description panel entry-content wc-tab"" role=""tabpanel"" aria-labelledby=""tab-title-description"">
<div id=""tab-description"" class=""woocommerce-Tabs-panel woocommerce-Tabs-panel--description panel entry-content wc-tab"" role=""tabpanel"" aria-labelledby=""tab-title-description"">
<div class=""woocommerce-product-details__short-description"">

Lorem ipsum dolor sit amet, feugiat delicata liberavisse id cum, no quo maiorum intellegebat, liber regione eu sit. Mea cu case ludus integre, vide viderer eleifend ex mea. His at soluta regione diceret, cum et atqui placerat petentium.

</div>
</div>
</div>","<div id=""tab-description"" class=""woocommerce-Tabs-panel woocommerce-Tabs-panel--description panel entry-content wc-tab"" role=""tabpanel"" aria-labelledby=""tab-title-description"">
<div id=""tab-description"" class=""woocommerce-Tabs-panel woocommerce-Tabs-panel--description panel entry-content wc-tab"" role=""tabpanel"" aria-labelledby=""tab-title-description"">
<div class=""woocommerce-product-details__short-description"">

Lorem ipsum dolor sit amet, feugiat delicata liberavisse id cum, no quo maiorum intellegebat, liber regione eu sit. Mea cu case ludus integre, vide viderer eleifend ex mea. His at soluta regione diceret, cum et atqui placerat petentium.

</div>
</div>
</div>",,,taxable,,1,,0,0,,,,,0,,,540,"Men, Men > Men's Suite",,,"http://www.abhnetworking.com/wp-content/uploads/2018/06/Light-Grey-Check-1.jpg, http://www.abhnetworking.com/wp-content/uploads/2018/06/Lazio-Light-Brown-Check-1.jpg",,,,,,,,,0,default,default,default,default,,,,,,,,
339,simple,,"Men’s t-shirt",1,0,visible,"Lorem ipsum dolor sit amet, consectetur adipisicing elit, sed do eiusmod tempor incididunt ut labore et dolore magna aliqua. Ut enim ad minim veniam, quis nostrud exercitation ullamco","Lorem ipsum dolor sit amet, consectetur adipisicing elit, sed do eiusmod tempor incididunt ut labore et dolore magna aliqua. Ut enim ad minim veniam, quis nostrud exercitation ullamco laboris nisi ut aliquip ex ea commodo consequat. Duis aute irure dolor in reprehenderit in voluptate velit esse cillum dolore eu fugiat nulla pariatur.",,,taxable,,1,,0,0,,,,,0,,,30,"Men, Men > Men's T-shirts",,,"http://www.abhnetworking.com/wp-content/uploads/2018/06/Men’s-t-shirt.jpg, http://www.abhnetworking.com/wp-content/uploads/2018/06/hp1-element-7.png",,,,,,,,,0,default,default,default,default,,,,,,,,
341,simple,,"Women’s sundress",1,0,visible,"<div class=""woocommerce-product-details__short-description"">

Lorem ipsum dolor sit amet, consectetur adipisicing elit, sed do eiusmod tempor incididunt ut labore et dolore magna aliqua. Ut enim ad minim veniam, quis nostrud exercitation ullamco laboris nisi ut aliquip ex ea commodo consequat.

</div>","<div class=""woocommerce-product-details__short-description"">

Lorem ipsum dolor sit amet, consectetur adipisicing elit, sed do eiusmod tempor incididunt ut labore et dolore magna aliqua. Ut enim ad minim veniam, quis nostrud exercitation ullamco laboris nisi ut aliquip ex ea commodo consequat. Duis aute irure dolor in reprehenderit in voluptate velit esse cillum dolore eu fugiat nulla pariatur.

</div>",,,taxable,,1,,0,0,,,,,0,,,,"Women, Women > Women's Dress",,,http://www.abhnetworking.com/wp-content/uploads/2018/06/Women’s-sundress.jpg,,,,,,,,,0,default,default,default,default,,,,,,,,
363,simple,,"Ray Ban Sunglasses",1,0,visible,"<div class=""short-description"">

Lorem ipsum dolor sit amet, consetetur sadipscing elitr, sed diam nonumy eirmod tempor invidunt ut labore et dolore magna aliquyam erat, sed diam voluptua.

Phasellus id nisi quis justo tempus mollis sed et dui. In hac habitasse platea dictumst. Suspendisse ultrices mauris diam. Nullam sed aliquet elit. Mauris consequat nisi ut mauris efficitur lacinia.

</div>","<div class=""short-description"">
<div id=""tab-description"" class=""woocommerce-Tabs-panel woocommerce-Tabs-panel--description panel entry-content wc-tab"" role=""tabpanel"" aria-labelledby=""tab-title-description"">

Lorem ipsum dolor sit amet, consectetur adipiscing elit. Nam fringilla augue nec est tristique auctor.

Ipsum metus feugiat sem, quis fermentum turpis eros eget velit. Donec ac tempus ante. Fusce ultricies massa massa. Fusce aliquam, purus eget sagittis vulputate, sapien libero hendrerit est, sed commodo augue nisi non neque. Lorem ipsum dolor sit amet, consectetur adipiscing elit. Sed tempor, lorem et placerat vestibulum, metus nisi posuere nisl, in accumsan elit odio quis mi.

Cras neque metus, consequat et blandit et, luctus a nunc. Etiam gravida vehicula tellus, in imperdiet ligula euismod eget. Pellentesque habitant morbi tristique senectus et netus et malesuada fames ac turpis egestas. Nam erat mi, rutrum at sollicitudin rhoncus, ultricies posuere erat. Duis convallis, arcu nec aliquam consequat, purus felis vehicula felis, a dapibus enim lorem nec augue. Nunc facilisis sagittis ullamcorper.

Proin lectus ipsum, gravida et mattis vulputate, tristique ut lectus. Sed et lorem nunc. Vestibulum ante ipsum primis in faucibus orci luctus et ultrices posuere cubilia Curae; Aenean eleifend laoreet congue. Vivamus adipiscing nisl ut dolor dignissim semper. Nulla luctus malesuada tincidunt. Class aptent taciti sociosqu ad litora torquent per conubia nostra, per inceptos himenaeos. Integer enim purus, posuere at ultricies eu, placerat a felis. Suspendisse aliquet urna pretium eros convallis interdum. Quisque in arcu id dui vulputate mollis eget non arcu. Aenean et nulla purus. Mauris vel tellus non nunc mattis lobortis.

</div>
</div>",,,taxable,,1,,0,0,,,,,0,,,180,Accessories,,,"http://www.abhnetworking.com/wp-content/uploads/2018/06/Ray-Ban-Sunglasses.jpg, http://www.abhnetworking.com/wp-content/uploads/2018/06/Ray-Ban-Sunglasses-1.jpg",,,,,,,,,0,default,default,default,default,,,,,,,,
366,simple,,"Stylish scarf for men",1,0,visible,"<div class=""short-description"">

Lorem ipsum dolor sit amet, consetetur sadipscing elitr, sed diam nonumy eirmod tempor invidunt ut labore et dolore magna aliquyam erat, sed diam voluptua.

</div>","<div id=""tab-description"" class=""woocommerce-Tabs-panel woocommerce-Tabs-panel--description panel entry-content wc-tab"" role=""tabpanel"" aria-labelledby=""tab-title-description"">

Lorem ipsum dolor sit amet, consectetur adipiscing elit. Nam fringilla augue nec est tristique auctor.

Ipsum metus feugiat sem, quis fermentum turpis eros eget velit. Donec ac tempus ante. Fusce ultricies massa massa. Fusce aliquam, purus eget sagittis vulputate, sapien libero hendrerit est, sed commodo augue nisi non neque. Lorem ipsum dolor sit amet, consectetur adipiscing elit. Sed tempor, lorem et placerat vestibulum, metus nisi posuere nisl, in accumsan elit odio quis mi.

Cras neque metus, consequat et blandit et, luctus a nunc. Etiam gravida vehicula tellus, in imperdiet ligula euismod eget. Pellentesque habitant morbi tristique senectus et netus et malesuada fames ac turpis egestas. Nam erat mi, rutrum at sollicitudin rhoncus, ultricies posuere erat. Duis convallis, arcu nec aliquam consequat, purus felis vehicula felis, a dapibus enim lorem nec augue. Nunc facilisis sagittis ullamcorper.

Proin lectus ipsum, gravida et mattis vulputate, tristique ut lectus. Sed et lorem nunc. Vestibulum ante ipsum primis in faucibus orci luctus et ultrices posuere cubilia Curae; Aenean eleifend laoreet congue. Vivamus adipiscing nisl ut dolor dignissim semper. Nulla luctus malesuada tincidunt. Class aptent taciti sociosqu ad litora torquent per conubia nostra, per inceptos himenaeos. Integer enim purus, posuere at ultricies eu, placerat a felis. Suspendisse aliquet urna pretium eros convallis interdum. Quisque in arcu id dui vulputate mollis eget non arcu. Aenean et nulla purus. Mauris vel tellus non nunc mattis lobortis.

</div>",,,taxable,,1,,0,0,,,,,0,,,155,Accessories,,,"http://www.abhnetworking.com/wp-content/uploads/2018/06/Stylish-scarf-for-men-1.jpg, http://www.abhnetworking.com/wp-content/uploads/2018/06/Stylish-scarf-for-men-2.jpg",,,,,,,,,0,default,default,default,default,,,,,,,,
390,variable,,"Pique Polo Shirt",1,0,visible,"<div class=""woocommerce-product-details__short-description"">

Sunspel played a pivotal role in the birth of this universal wardrobe staple; a part of our heritage that we like to think gives us a certain expertise when it comes to knowing exactly what it takes to make the best T-Shirt possible. Made in England using long-staple cotton for unparalleled softness, lightness and comfort.

</div>","<div class=""woocommerce-product-details__short-description"">

Sunspel played a pivotal role in the birth of this universal wardrobe staple; a part of our heritage that we like to think gives us a certain expertise when it comes to knowing exactly what it takes to make the best T-Shirt possible. Made in England using long-staple cotton for unparalleled softness, lightness and comfort.

</div>",,,taxable,,1,,0,0,,,,,0,,,,"Men, Men > Men's Polo Shirt",,,"http://www.abhnetworking.com/wp-content/uploads/2018/06/pique-polo-3.jpg, http://www.abhnetworking.com/wp-content/uploads/2018/06/pique-polo-2.jpg, http://www.abhnetworking.com/wp-content/uploads/2018/06/pique-polo-1.jpg",,,,,,,,,0,default,default,default,default,Size,"S, M, L",0,0,Color,"Green, Pink",0,0
395,simple,,"Low Neck Black Dress",1,0,visible,"Pellentesque habitant morbi tristique senectus et netus et malesuada fames ac turpis egestas. Vestibulum tortor quam, feugiat vitae, ultricies eget, tempor sit amet, ante. Donec eu libero sit amet quam egestas semper. Aenean ultricies mi vitae est. Mauris placerat eleifend leo.","Pellentesque habitant morbi tristique senectus et netus et malesuada fames ac turpis egestas. Vestibulum tortor quam, feugiat vitae, ultricies eget, tempor sit amet, ante. Donec eu libero sit amet quam egestas semper. Aenean ultricies mi vitae est. Mauris placerat eleifend leo.",,,taxable,,1,,0,0,,,,,0,,,100,"Men, Men > Men's T-shirts",,,"http://www.abhnetworking.com/wp-content/uploads/2018/06/Low-Neck-Black-Dress.jpg, http://www.abhnetworking.com/wp-content/uploads/2018/06/Low-Neck-Black-Dress-1.jpg, http://www.abhnetworking.com/wp-content/uploads/2018/06/Low-Neck-Black-Dress.jpg, http://www.abhnetworking.com/wp-content/uploads/2018/06/Low-Neck-Black-Dress-3.jpg",,,,,"id:339, id:417, id:366, id:302",id:363,,,0,default,default,default,default,,,,,,,,
438,grouped,,"Samsung Galaxy S9",1,0,visible,"<div class=""woocommerce-product-details__short-description"">

S9. The camera. Reimagined. Capture your world like never before with a revolutionary next-gen 12MP camera that adapts like the human eye. A super slow-mo camera shoots at an incredible 960 FPS, perfect for turning everyday moments into epic viral-worthy vids. On top of that, discover true-to life surround sound, game-changing Bixby Vision, wireless charging and more.

</div>","<h2>The Camera. Reimagined.</h2>
The Galaxy S9 and S9  are packed with incredible features to help you do more than you ever imagined. With a revolutionary camera that adapts like the human eye, get ready to capture your world like never before.

&nbsp;

<img class=""alignnone size-full wp-image-423"" src=""http://www.abhnetworking.com/wp-content/uploads/2018/06/samsung-galaxy-s9-5.jpg"" sizes=""(max-width: 650px) 100vw, 650px"" srcset=""http://www.abhnetworking.com/wp-content/uploads/2018/06/samsung-galaxy-s9-5.jpg 650w, http://www.abhnetworking.com/wp-content/uploads/2018/06/samsung-galaxy-s9-5-300x254.jpg 300w, http://www.abhnetworking.com/wp-content/uploads/2018/06/samsung-galaxy-s9-5-600x508.jpg 600w"" alt="""" width=""650"" height=""550"" />

<section id=""s9SctnAdvanced"">
<div class=""s9SctnContent"">
<h2>The most advanced Galaxy is here</h2>
On top of a next generation camera, the S9 and S9  are our smartest and most immersive devices yet. Discover true-to life AKG surround sound, game-changing Bixby Vision, plus tonnes more advanced features.

</div>
</section><section id=""s9SctnShots"">
<div class=""s9SctnContent"">
<h3>You call the shots</h3>
Enjoy picture perfection in any light and shoot in Super slow motion. The S9  has extra features – a rear Dual Camera and Live Focus for stunning, professional-looking Bokeh effects. Plus Dual Optical Image Stabilisation (OIS) to make every detail crystal-clear.

</div>
<div class=""s9SctnContent"">
<h3>Capture the moment within the moment</h3>
The radical super Slow-Mo camera shoots at an incredible 960 FPS, perfect for turning everyday moments into epic viral-worthy videos. Capture that trophy-clinching goal or the electrifying moment the band takes to the stage.

</div>
<img class=""s9SctnImgDK"" src=""https://www.carphonewarehouse.com/content/dam/ews/landing/samsung/galaxy_s9/bg_s9_slowmo.jpg"" alt=""Samsung Galaxy S9 Capture the moment within the moment"" />

</section>",,,taxable,,1,,0,0,,,,,0,,,,Smart,,,http://www.abhnetworking.com/wp-content/uploads/2018/06/samsung-galaxy-s9.jpg,,,,"id:439, id:441, id:440",,,,,0,default,default,default,default,,,,,,,,
439,simple,,"Samsung Galaxy S9 Phone",1,0,hidden,,,,,taxable,,1,,0,0,,,,,0,,,740,Smart,,,http://www.abhnetworking.com/wp-content/uploads/2018/06/samsung-galaxy-s9-1.png,,,,,,,,,0,default,default,default,default,,,,,,,,
440,simple,,"Fast Wireless Charger",1,0,hidden,,,,,taxable,,1,,0,0,,,,,0,,,35.99,Smart,,,http://www.abhnetworking.com/wp-content/uploads/2018/06/Samsung-Fast-Wireless-Charger.png,,,,,,,,,0,default,default,default,default,,,,,,,,
441,simple,,"Samsung S9 Cover",1,0,hidden,,,,,taxable,,1,,0,0,,,,,0,,,20,Smart,,,http://www.abhnetworking.com/wp-content/uploads/2018/06/Samsung-S9-Cover.png,,,,,,,,,0,default,default,default,default,,,,,,,,
442,variation,,"Pique Polo Shirt - S, Green",1,0,visible,,,,,taxable,parent,1,,0,0,,,,,0,,,115,,,,http://www.abhnetworking.com/wp-content/uploads/2018/06/pique-polo-2.jpg,,,id:390,,,,,,1,,,,,Size,S,,0,Color,Green,,0
443,variation,,"Pique Polo Shirt - S, Pink",1,0,visible,,,,,taxable,parent,1,,0,0,,,,,0,,,120,,,,http://www.abhnetworking.com/wp-content/uploads/2018/06/pique-polo-1.jpg,,,id:390,,,,,,2,,,,,Size,S,,0,Color,Pink,,0,,
444,variation,,"Pique Polo Shirt - M, Green",1,0,visible,,,,,taxable,parent,1,,0,0,,,,,0,,,125,,,,http://www.abhnetworking.com/wp-content/uploads/2018/06/pique-polo-2.jpg,,,id:390,,,,,,3,,,,,Size,M,,0,Color,Green,,0,,
445,variation,,"Pique Polo Shirt - M, Pink",1,0,visible,,,,,taxable,parent,1,,0,0,,,,,0,,,125,,,,http://www.abhnetworking.com/wp-content/uploads/2018/06/pique-polo-1.jpg,,,id:390,,,,,,4,,,,,Size,M,,0,Color,Pink,,0,,
446,variation,,"Pique Polo Shirt - L, Green",1,0,visible,,,,,taxable,parent,1,,0,0,,,,,0,,,125,,,,http://www.abhnetworking.com/wp-content/uploads/2018/06/pique-polo-2.jpg,,,id:390,,,,,,5,,,,,Size,L,,0,Color,Green,,0,,
447,variation,,"Pique Polo Shirt - L, Pink",1,0,visible,,,,,taxable,parent,1,,0,0,,,,,0,,,135,,,,http://www.abhnetworking.com/wp-content/uploads/2018/06/pique-polo-1.jpg,,,id:390,,,,,,6,,,,,Size,L,,0,Color,Pink,,0,,
448,external,,"Astra Theme Pro",1,0,visible,"Lorem ipsum dolor sit amet, feugiat delicata liberavisse id cum, no quo maiorum intellegebat, liber regione eu sit. Mea cu case ludus integre, vide viderer eleifend ex mea. His at soluta regione diceret, cum et atqui placerat petentium.","<div id=""tab-description"" class=""woocommerce-Tabs-panel woocommerce-Tabs-panel--description panel entry-content wc-tab"" role=""tabpanel"" aria-labelledby=""tab-title-description"">

Lorem ipsum dolor sit amet, feugiat delicata liberavisse id cum, no quo maiorum intellegebat, liber regione eu sit. Mea cu case ludus integre, vide viderer eleifend ex mea. His at soluta regione diceret, cum et atqui placerat petentium.

Lorem ipsum dolor sit amet, feugiat delicata liberavisse id cum, no quo maiorum intellegebat, liber regione eu sit. Mea cu case ludus integre, vide viderer eleifend ex mea. His at soluta regione diceret, cum et atqui placerat petentium.

Lorem ipsum dolor sit amet, feugiat delicata liberavisse id cum, no quo maiorum intellegebat, liber regione eu sit. Mea cu case ludus integre, vide viderer eleifend ex mea. His at soluta regione diceret, cum et atqui placerat petentium.

</div>",,,taxable,,1,,0,0,,,,,0,,45,49,Plugins,,,http://www.abhnetworking.com/wp-content/uploads/2018/06/wpastra-fb.jpg,,,,,,,https://wpastra.com/pricing/,"Buy Astra Pro",0,default,default,default,default,,,,,,,,,,
451,"simple, virtual",,"Instant Video Call",1,0,visible,,,,,taxable,,1,,0,0,,,,,0,,,120,Smart,,,http://www.abhnetworking.com/wp-content/uploads/2018/06/Mobile-Video-Conferencing-700x466.jpg,,,,,,,,,0,default,default,default,default,,,,,,,,,,
452,"simple, downloadable",,"My New ebook",1,0,visible,"<div id=""tab-description"" class=""woocommerce-Tabs-panel woocommerce-Tabs-panel--description panel entry-content wc-tab"" role=""tabpanel"" aria-labelledby=""tab-title-description"">

Lorem ipsum dolor sit amet, feugiat delicata liberavisse id cum, no quo maiorum intellegebat, liber regione eu sit. Mea cu case ludus integre, vide viderer eleifend ex mea. His at soluta regione diceret, cum et atqui placerat petentium.

&nbsp;

</div>","<div id=""tab-description"" class=""woocommerce-Tabs-panel woocommerce-Tabs-panel--description panel entry-content wc-tab"" role=""tabpanel"" aria-labelledby=""tab-title-description"">

Lorem ipsum dolor sit amet, feugiat delicata liberavisse id cum, no quo maiorum intellegebat, liber regione eu sit. Mea cu case ludus integre, vide viderer eleifend ex mea. His at soluta regione diceret, cum et atqui placerat petentium.

Lorem ipsum dolor sit amet, feugiat delicata liberavisse id cum, no quo maiorum intellegebat, liber regione eu sit. Mea cu case ludus integre, vide viderer eleifend ex mea. His at soluta regione diceret, cum et atqui placerat petentium.

Lorem ipsum dolor sit amet, feugiat delicata liberavisse id cum, no quo maiorum intellegebat, liber regione eu sit. Mea cu case ludus integre, vide viderer eleifend ex mea. His at soluta regione diceret, cum et atqui placerat petentium.

</div>",,,taxable,,1,,0,0,,,,,0,,,50,Plugins,,,http://www.abhnetworking.com/wp-content/uploads/2018/06/wpastra-fb.jpg,'-1','-1',,,,,,,0,default,default,default,default,,,,,,,,,"Download This File",http://www.abhnetworking.com/wp-content/uploads/2018/06/Download-This-File.docx
